Time,origin,objective,distance,arrive,trajectory
7.5,"[0.55, 1.47]","[0.99, 0.01]",1.52,True,"[[0.99, 0.01], [0.99, 0.01], [0.99, 0.01], [0.97, 0.01], [0.95, -0.01], [0.93, 0.06], [0.89, 0.19], [0.87, 0.46], [0.83, 0.73], [0.78, 0.96], [0.76, 1.14], [0.77, 1.28], [0.76, 1.4], [0.73, 1.49], [0.67, 1.53]]"
9.94,"[1.8, 2.93]","[0.65, 1.54]",1.8,True,"[[0.65, 1.54], [0.65, 1.54], [0.65, 1.54], [0.65, 1.53], [0.65, 1.52], [0.64, 1.52], [0.67, 1.56], [0.7, 1.72], [0.78, 1.99], [0.87, 2.3], [0.88, 2.61], [0.91, 2.88], [1.0, 3.06], [1.09, 3.16], [1.15, 3.26], [1.24, 3.32], [1.35, 3.34], [1.48, 3.31], [1.6, 3.24], [1.66, 3.11]]"
11.65,"[0.6, 1.22]","[1.67, 3.08]",2.15,True,"[[1.67, 3.08], [1.67, 3.08], [1.67, 3.08], [1.66, 3.07], [1.62, 3.07], [1.6, 3.09], [1.54, 3.1], [1.37, 3.09], [1.16, 3.08], [1.0, 3.02], [0.88, 2.88], [0.8, 2.68], [0.74, 2.46], [0.72, 2.22], [0.77, 1.95], [0.88, 1.75], [0.85, 1.61], [0.87, 1.43], [0.89, 1.28], [0.86, 1.16], [0.8, 1.07], [0.74, 1.01], [0.66, 0.99], [0.62, 1.0]]"
12.13,"[-0.3, -0.83]","[0.62, 1.0]",2.05,True,"[[0.62, 1.0], [0.62, 1.0], [0.62, 1.0], [0.62, 1.0], [0.62, 1.0], [0.62, 1.0], [0.62, 1.0], [0.62, 1.0], [0.62, 1.0], [0.62, 1.0], [0.62, 1.0], [0.62, 1.0], [0.62, 1.0], [0.62, 1.0], [0.62, 1.0], [0.62, 1.0], [0.62, 1.0], [0.62, 1.0], [0.62, 1.0], [0.62, 0.99], [0.62, 0.98], [0.61, 0.95], [0.55, 0.86], [0.51, 0.73], [0.5, 0.66]]"
9.09,"[-0.2, -1.08]","[0.49, 0.66]",1.87,True,"[[0.49, 0.66], [0.49, 0.66], [0.49, 0.66], [0.49, 0.66], [0.48, 0.6], [0.45, 0.47], [0.41, 0.29], [0.31, 0.06], [0.14, -0.2], [-0.0, -0.39], [-0.02, -0.6], [0.02, -0.8], [0.09, -0.94], [0.11, -1.08], [0.08, -1.21], [0.02, -1.3], [-0.07, -1.33], [-0.15, -1.32], [-0.17, -1.29]]"
8.74,"[0.9, -3.08]","[-0.17, -1.29]",2.09,True,"[[-0.17, -1.29], [-0.17, -1.29], [-0.17, -1.29], [-0.17, -1.29], [-0.17, -1.27], [-0.18, -1.25], [-0.19, -1.26], [-0.19, -1.35], [-0.13, -1.49], [0.03, -1.69], [0.28, -1.9], [0.52, -2.1], [0.68, -2.26], [0.79, -2.37], [0.85, -2.51], [0.89, -2.69], [0.92, -2.87], [0.95, -2.96]]"
12.29,"[-1.15, -2.98]","[0.95, -2.96]",2.1,True,"[[0.95, -2.96], [0.95, -2.96], [0.95, -2.97], [0.97, -2.97], [1.0, -3.01], [1.01, -3.07], [0.97, -3.08], [0.9, -2.95], [0.83, -2.69], [0.71, -2.38], [0.6, -2.24], [0.46, -2.15], [0.29, -2.07], [0.04, -2.05], [-0.28, -2.09], [-0.61, -2.13], [-0.92, -2.13], [-1.17, -2.2], [-1.29, -2.29], [-1.39, -2.35], [-1.46, -2.44], [-1.5, -2.55], [-1.47, -2.69], [-1.41, -2.82], [-1.34, -2.91]]"
12.87,"[0.6, -4.08]","[-1.34, -2.91]",2.27,True,"[[-1.34, -2.91], [-1.34, -2.91], [-1.34, -2.91], [-1.33, -2.9], [-1.33, -2.9], [-1.33, -2.88], [-1.38, -2.75], [-1.33, -2.51], [-1.26, -2.35], [-1.16, -2.23], [-1.01, -2.14], [-0.8, -2.09], [-0.47, -2.08], [-0.06, -2.11], [0.36, -2.17], [0.63, -2.29], [0.74, -2.39], [0.82, -2.54], [0.91, -2.69], [0.93, -2.9], [0.89, -3.12], [0.79, -3.35], [0.7, -3.59], [0.6, -3.74], [0.53, -3.84], [0.51, -3.95]]"
12.78,"[-0.5, -2.18]","[0.51, -3.95]",2.04,True,"[[0.51, -3.95], [0.51, -3.95], [0.51, -3.95], [0.52, -3.95], [0.53, -3.96], [0.53, -3.98], [0.52, -4.0], [0.51, -3.92], [0.51, -3.88], [0.51, -3.88], [0.52, -3.88], [0.56, -3.83], [0.6, -3.72], [0.64, -3.53], [0.72, -3.29], [0.83, -2.99], [0.82, -2.67], [0.74, -2.41], [0.67, -2.29], [0.55, -2.21], [0.43, -2.11], [0.28, -2.06], [0.07, -2.06], [-0.14, -2.07], [-0.34, -2.07], [-0.46, -2.05]]"
8.36,"[1.35, -2.68]","[-0.46, -2.05]",1.92,True,"[[-0.46, -2.05], [-0.46, -2.05], [-0.46, -2.05], [-0.51, -2.02], [-0.59, -2.03], [-0.65, -2.08], [-0.56, -2.1], [-0.34, -2.09], [-0.0, -2.08], [0.32, -2.08], [0.56, -2.19], [0.75, -2.32], [0.89, -2.47], [0.96, -2.64], [1.01, -2.75], [1.07, -2.81], [1.14, -2.84]]"
10.25,"[-0.15, -0.78]","[1.14, -2.85]",2.44,True,"[[1.14, -2.85], [1.14, -2.85], [1.14, -2.85], [1.15, -2.86], [1.18, -2.87], [1.21, -2.87], [1.21, -2.83], [1.06, -2.74], [0.85, -2.53], [0.64, -2.21], [0.41, -1.95], [0.21, -1.73], [0.05, -1.55], [-0.01, -1.37], [-0.03, -1.17], [0.02, -1.02], [0.07, -0.89], [0.08, -0.78], [0.05, -0.69], [-0.02, -0.67], [-0.08, -0.69]]"
6,"[-0.2, -2.22]","[-0.08, -0.69]",1.53,True,"[[-0.08, -0.69], [-0.08, -0.69], [-0.08, -0.69], [-0.07, -0.7], [-0.07, -0.73], [0.03, -0.86], [0.15, -1.08], [0.22, -1.36], [0.16, -1.64], [0.09, -1.84], [0.02, -1.99], [-0.08, -2.09]]"
8.88,"[-1.7, -3.92]","[-0.12, -2.11]",2.4,True,"[[-0.12, -2.11], [-0.12, -2.11], [-0.12, -2.11], [-0.14, -2.09], [-0.21, -2.07], [-0.36, -2.07], [-0.56, -2.09], [-0.82, -2.11], [-1.15, -2.19], [-1.46, -2.35], [-1.73, -2.47], [-1.88, -2.63], [-2.01, -2.76], [-2.02, -2.94], [-1.95, -3.18], [-1.83, -3.4], [-1.78, -3.59], [-1.77, -3.74]]"
10.18,"[-2.25, -2.22]","[-1.77, -3.75]",1.6,True,"[[-1.77, -3.75], [-1.77, -3.75], [-1.77, -3.75], [-1.77, -3.75], [-1.76, -3.75], [-1.76, -3.75], [-1.78, -3.74], [-1.78, -3.74], [-1.78, -3.74], [-1.77, -3.71], [-1.77, -3.71], [-1.77, -3.71], [-1.76, -3.69], [-1.74, -3.61], [-1.74, -3.46], [-1.78, -3.25], [-1.83, -2.97], [-1.89, -2.7], [-2.0, -2.52], [-2.1, -2.38], [-2.15, -2.32]]"
9.31,"[0.05, -1.53]","[-2.15, -2.32]",2.34,True,"[[-2.15, -2.32], [-2.15, -2.32], [-2.15, -2.32], [-2.14, -2.32], [-2.12, -2.31], [-2.11, -2.31], [-1.99, -2.29], [-1.83, -2.21], [-1.59, -2.15], [-1.25, -2.09], [-0.95, -2.07], [-0.67, -2.04], [-0.41, -2.04], [-0.19, -2.02], [-0.08, -1.95], [-0.0, -1.92], [0.07, -1.86], [0.12, -1.78], [0.13, -1.71]]"
8.06,"[-1.4, -2.62]","[0.13, -1.71]",1.78,True,"[[0.13, -1.71], [0.13, -1.71], [0.13, -1.71], [0.13, -1.71], [0.14, -1.71], [0.13, -1.72], [0.07, -1.79], [-0.1, -1.97], [-0.37, -2.11], [-0.67, -2.15], [-0.96, -2.14], [-1.17, -2.21], [-1.29, -2.29], [-1.39, -2.35], [-1.48, -2.4], [-1.55, -2.45], [-1.57, -2.47]]"
8.02,"[0.9, -2.33]","[-1.57, -2.47]",2.47,True,"[[-1.57, -2.47], [-1.57, -2.47], [-1.57, -2.47], [-1.58, -2.49], [-1.6, -2.52], [-1.59, -2.55], [-1.5, -2.44], [-1.29, -2.29], [-1.1, -2.14], [-0.88, -2.1], [-0.56, -2.08], [-0.24, -2.09], [0.07, -2.11], [0.33, -2.11], [0.52, -2.18], [0.66, -2.26], [0.7, -2.28]]"
8.48,"[-1.7, -2.53]","[0.7, -2.28]",2.41,True,"[[0.7, -2.28], [0.7, -2.28], [0.7, -2.28], [0.7, -2.28], [0.7, -2.29], [0.69, -2.3], [0.68, -2.32], [0.58, -2.32], [0.33, -2.27], [-0.03, -2.16], [-0.35, -2.1], [-0.65, -2.08], [-0.96, -2.09], [-1.19, -2.18], [-1.38, -2.27], [-1.54, -2.35], [-1.67, -2.39]]"
8.72,"[0.15, -2.38]","[-1.69, -2.4]",1.84,True,"[[-1.69, -2.4], [-1.69, -2.4], [-1.69, -2.4], [-1.69, -2.4], [-1.7, -2.41], [-1.69, -2.41], [-1.65, -2.4], [-1.46, -2.32], [-1.15, -2.24], [-0.88, -2.13], [-0.67, -2.07], [-0.46, -2.05], [-0.26, -2.08], [-0.09, -2.11], [0.06, -2.15], [0.17, -2.19], [0.25, -2.24], [0.25, -2.3]]"
12.71,"[2.7, -2.38]","[0.25, -2.3]",2.45,True,"[[0.25, -2.3], [0.25, -2.3], [0.25, -2.3], [0.26, -2.3], [0.28, -2.3], [0.34, -2.28], [0.52, -2.3], [0.72, -2.39], [0.92, -2.54], [1.13, -2.8], [1.3, -2.9], [1.46, -3.0], [1.62, -3.03], [1.79, -2.97], [2.01, -2.82], [2.11, -2.78], [2.11, -2.78], [2.13, -2.8], [2.22, -2.85], [2.36, -2.87], [2.52, -2.81], [2.67, -2.73], [2.78, -2.66], [2.84, -2.58], [2.86, -2.51], [2.84, -2.47]]"
7.38,"[0.65, -2.43]","[2.84, -2.47]",2.19,True,"[[2.84, -2.47], [2.84, -2.47], [2.84, -2.47], [2.84, -2.47], [2.83, -2.47], [2.75, -2.54], [2.59, -2.67], [2.39, -2.79], [2.11, -2.89], [1.75, -2.96], [1.47, -2.96], [1.24, -2.84], [1.03, -2.74], [0.87, -2.65], [0.77, -2.54]]"
7.7,"[-1.2, -1.83]","[0.77, -2.53]",2.09,True,"[[0.77, -2.53], [0.77, -2.53], [0.77, -2.53], [0.78, -2.5], [0.78, -2.41], [0.72, -2.3], [0.61, -2.2], [0.44, -2.13], [0.19, -2.09], [-0.13, -2.06], [-0.4, -2.02], [-0.63, -2.06], [-0.82, -2.08], [-1.0, -2.09], [-1.14, -2.07], [-1.21, -2.07]]"
13.37,"[-2.8, -2.78]","[-1.21, -2.07]",1.74,True,"[[-1.21, -2.07], [-1.21, -2.07], [-1.21, -2.07], [-1.22, -2.09], [-1.24, -2.14], [-1.32, -2.15], [-1.45, -2.19], [-1.63, -2.3], [-1.85, -2.51], [-1.98, -2.69], [-1.98, -2.69], [-1.98, -2.69], [-1.98, -2.71], [-1.98, -2.72], [-1.98, -2.72], [-1.98, -2.72], [-2.04, -2.73], [-2.17, -2.73], [-2.37, -2.72], [-2.55, -2.64], [-2.68, -2.58], [-2.81, -2.51], [-2.93, -2.49], [-3.02, -2.55], [-3.07, -2.63], [-3.07, -2.71], [-3.03, -2.78]]"
16.67,"[-1.15, -2.08]","[-3.03, -2.78]",2.01,True,"[[-3.03, -2.78], [-3.03, -2.78], [-3.03, -2.78], [-3.03, -2.78], [-3.03, -2.78], [-3.03, -2.78], [-3.03, -2.78], [-3.03, -2.78], [-3.03, -2.78], [-3.03, -2.78], [-3.03, -2.78], [-3.03, -2.78], [-3.03, -2.78], [-3.03, -2.78], [-2.99, -2.81], [-2.85, -2.91], [-2.85, -2.91], [-2.85, -2.91], [-2.85, -2.91], [-2.83, -2.89], [-2.71, -2.74], [-2.65, -2.66], [-2.65, -2.66], [-2.65, -2.66], [-2.65, -2.66], [-2.64, -2.66], [-2.51, -2.58], [-2.32, -2.5], [-2.13, -2.53], [-1.95, -2.52], [-1.77, -2.42], [-1.59, -2.33], [-1.42, -2.25], [-1.35, -2.22]]"
10.78,"[0.4, -3.53]","[-1.35, -2.22]",2.19,True,"[[-1.35, -2.22], [-1.35, -2.22], [-1.35, -2.22], [-1.35, -2.22], [-1.3, -2.21], [-1.19, -2.17], [-1.02, -2.12], [-0.78, -2.1], [-0.45, -2.12], [-0.09, -2.15], [0.29, -2.14], [0.56, -2.23], [0.69, -2.33], [0.79, -2.43], [0.88, -2.56], [0.92, -2.71], [0.91, -2.9], [0.86, -3.1], [0.78, -3.27], [0.68, -3.45], [0.6, -3.59], [0.53, -3.62]]"
7.76,"[2.15, -2.68]","[0.53, -3.62]",1.87,True,"[[0.53, -3.62], [0.53, -3.62], [0.53, -3.62], [0.52, -3.63], [0.51, -3.63], [0.51, -3.63], [0.58, -3.52], [0.74, -3.36], [0.87, -3.2], [0.96, -3.09], [1.1, -3.01], [1.32, -2.95], [1.56, -2.96], [1.74, -2.96], [1.88, -2.91], [1.98, -2.87]]"
20.79,"[2.25, -0.58]","[1.98, -2.87]",2.31,True,"[[1.98, -2.87], [1.98, -2.87], [1.98, -2.87], [1.98, -2.87], [1.98, -2.87], [1.98, -2.87], [1.98, -2.87], [1.98, -2.87], [1.98, -2.87], [1.98, -2.87], [1.98, -2.87], [1.98, -2.87], [1.98, -2.87], [1.99, -2.87], [1.99, -2.87], [1.99, -2.87], [1.99, -2.87], [1.99, -2.87], [1.99, -2.87], [1.99, -2.87], [1.99, -2.87], [1.99, -2.87], [1.99, -2.87], [1.99, -2.86], [1.99, -2.86], [1.99, -2.86], [1.99, -2.86], [1.99, -2.86], [1.99, -2.86], [1.99, -2.86], [1.99, -2.86], [1.99, -2.86], [1.99, -2.86], [1.99, -2.86], [1.99, -2.86], [2.02, -2.86], [2.04, -2.85], [2.01, -2.84], [1.81, -2.92], [1.64, -3.0], [1.52, -3.03], [1.46, -3.02]]"
7.79,"[1.45, -1.28]","[1.46, -3.02]",1.74,True,"[[1.46, -3.02], [1.46, -3.02], [1.46, -3.02], [1.45, -3.03], [1.38, -3.02], [1.27, -2.95], [1.11, -2.86], [1.0, -2.74], [0.91, -2.58], [0.85, -2.38], [0.82, -2.15], [0.84, -1.93], [0.91, -1.74], [1.07, -1.63], [1.24, -1.55], [1.34, -1.5]]"
12.25,"[0.45, 0.47]","[1.34, -1.5]",2.16,True,"[[1.34, -1.5], [1.34, -1.5], [1.34, -1.5], [1.35, -1.5], [1.39, -1.5], [1.42, -1.48], [1.42, -1.44], [1.42, -1.44], [1.42, -1.44], [1.4, -1.51], [1.31, -1.62], [1.17, -1.71], [0.97, -1.76], [0.7, -1.76], [0.38, -1.71], [0.13, -1.67], [0.01, -1.55], [-0.05, -1.33], [-0.02, -1.01], [0.05, -0.68], [0.1, -0.39], [0.13, -0.16], [0.18, 0.02], [0.25, 0.17], [0.3, 0.28]]"
7.83,"[-1.65, 0.47]","[0.3, 0.28]",1.96,True,"[[0.3, 0.28], [0.3, 0.28], [0.3, 0.28], [0.3, 0.28], [0.3, 0.28], [0.27, 0.31], [0.18, 0.4], [0.02, 0.52], [-0.23, 0.6], [-0.46, 0.71], [-0.67, 0.76], [-0.92, 0.81], [-1.16, 0.81], [-1.35, 0.74], [-1.49, 0.63], [-1.58, 0.55]]"
14.85,"[-2.05, -1.73]","[-1.58, 0.55]",2.33,True,"[[-1.58, 0.55], [-1.58, 0.55], [-1.58, 0.55], [-1.57, 0.55], [-1.55, 0.55], [-1.53, 0.55], [-1.48, 0.54], [-1.32, 0.56], [-1.02, 0.66], [-0.68, 0.65], [-0.35, 0.61], [-0.21, 0.54], [-0.12, 0.43], [-0.0, 0.28], [0.06, 0.03], [0.03, -0.38], [-0.01, -0.81], [0.05, -1.19], [0.07, -1.58], [0.05, -1.75], [-0.03, -1.88], [-0.14, -1.96], [-0.3, -2.04], [-0.54, -2.06], [-0.85, -2.07], [-1.16, -2.05], [-1.44, -2.0], [-1.64, -1.91], [-1.81, -1.84], [-1.93, -1.81]]"
12.33,"[-0.15, -0.12]","[-1.93, -1.81]",2.45,True,"[[-1.93, -1.81], [-1.93, -1.81], [-1.93, -1.81], [-1.93, -1.81], [-1.94, -1.8], [-1.94, -1.81], [-1.94, -1.8], [-1.85, -1.81], [-1.59, -1.85], [-1.24, -1.91], [-0.84, -2.01], [-0.48, -2.03], [-0.11, -1.94], [0.06, -1.87], [0.14, -1.78], [0.21, -1.68], [0.21, -1.54], [0.12, -1.29], [0.06, -1.0], [0.09, -0.72], [0.07, -0.5], [0.05, -0.34], [0.03, -0.2], [0.01, -0.1], [-0.02, -0.04]]"
9.81,"[0.85, -1.58]","[-0.03, -0.04]",1.77,True,"[[-0.03, -0.04], [-0.03, -0.04], [-0.03, -0.04], [-0.03, -0.02], [-0.06, 0.01], [-0.09, 0.02], [-0.03, -0.12], [0.0, -0.37], [0.03, -0.69], [0.11, -0.99], [0.23, -1.24], [0.24, -1.37], [0.28, -1.47], [0.36, -1.56], [0.43, -1.65], [0.49, -1.74], [0.58, -1.81], [0.68, -1.86], [0.75, -1.85], [0.82, -1.82]]"
10.99,"[-0.5, -0.42]","[0.82, -1.82]",1.92,True,"[[0.82, -1.82], [0.82, -1.82], [0.82, -1.82], [0.83, -1.81], [0.86, -1.81], [0.83, -1.77], [0.68, -1.73], [0.41, -1.67], [0.14, -1.63], [0.07, -1.6], [0.07, -1.6], [0.07, -1.6], [0.05, -1.6], [0.02, -1.53], [0.02, -1.38], [0.01, -1.16], [0.04, -0.95], [0.06, -0.79], [0.01, -0.65], [-0.11, -0.52], [-0.26, -0.42], [-0.37, -0.35]]"
11.85,"[1.05, -2.12]","[-0.38, -0.34]",2.28,True,"[[-0.38, -0.34], [-0.38, -0.34], [-0.38, -0.34], [-0.39, -0.33], [-0.42, -0.3], [-0.47, -0.31], [-0.47, -0.31], [-0.47, -0.31], [-0.4, -0.3], [-0.39, -0.31], [-0.39, -0.31], [-0.33, -0.29], [-0.2, -0.32], [-0.08, -0.42], [0.0, -0.58], [0.06, -0.82], [0.17, -1.12], [0.22, -1.42], [0.24, -1.59], [0.3, -1.73], [0.4, -1.86], [0.55, -1.96], [0.69, -2.04], [0.82, -2.09]]"
8.92,"[0.05, 0.12]","[0.83, -2.09]",2.34,True,"[[0.83, -2.09], [0.83, -2.09], [0.83, -2.09], [0.83, -2.09], [0.84, -2.11], [0.87, -2.11], [0.88, -2.09], [0.84, -2.01], [0.7, -1.86], [0.39, -1.7], [0.1, -1.59], [0.0, -1.44], [-0.04, -1.22], [-0.0, -0.95], [0.07, -0.67], [0.1, -0.44], [0.11, -0.25], [0.1, -0.09]]"
8.67,"[-0.3, -1.93]","[0.11, -0.07]",1.9,True,"[[0.11, -0.07], [0.11, -0.07], [0.11, -0.07], [0.13, -0.05], [0.15, -0.02], [0.14, 0.03], [0.09, 0.03], [0.04, -0.09], [-0.0, -0.34], [-0.01, -0.65], [0.07, -0.98], [0.17, -1.27], [0.14, -1.52], [0.11, -1.69], [0.06, -1.8], [-0.02, -1.88], [-0.11, -1.94], [-0.17, -1.99]]"
5.85,"[-1.65, -2.43]","[-0.17, -1.99]",1.54,True,"[[-0.17, -1.99], [-0.17, -1.99], [-0.17, -1.99], [-0.17, -2.02], [-0.24, -2.03], [-0.38, -2.04], [-0.59, -2.07], [-0.85, -2.13], [-1.1, -2.18], [-1.29, -2.23], [-1.45, -2.3], [-1.59, -2.32]]"
14.31,"[-0.45, -0.33]","[-1.59, -2.32]",2.29,True,"[[-1.59, -2.32], [-1.59, -2.32], [-1.59, -2.32], [-1.61, -2.31], [-1.64, -2.3], [-1.67, -2.32], [-1.68, -2.37], [-1.58, -2.32], [-1.36, -2.25], [-1.05, -2.09], [-0.69, -2.0], [-0.32, -1.99], [-0.01, -1.91], [0.09, -1.84], [0.17, -1.75], [0.2, -1.64], [0.2, -1.63], [0.2, -1.63], [0.19, -1.63], [0.15, -1.58], [0.09, -1.45], [0.03, -1.26], [0.02, -0.99], [0.06, -0.8], [0.05, -0.65], [-0.03, -0.51], [-0.16, -0.39], [-0.27, -0.3], [-0.35, -0.25]]"
9.15,"[-2.1, 1.38]","[-0.35, -0.25]",2.39,True,"[[-0.35, -0.25], [-0.35, -0.25], [-0.35, -0.25], [-0.35, -0.23], [-0.33, -0.19], [-0.29, -0.16], [-0.18, -0.0], [-0.19, 0.26], [-0.21, 0.44], [-0.27, 0.58], [-0.42, 0.68], [-0.7, 0.75], [-1.05, 0.74], [-1.33, 0.85], [-1.55, 0.96], [-1.72, 1.1], [-1.84, 1.26], [-1.92, 1.38], [-1.96, 1.42]]"
8.43,"[0.25, 0.53]","[-1.96, 1.42]",2.38,True,"[[-1.96, 1.42], [-1.96, 1.42], [-1.96, 1.42], [-1.96, 1.42], [-1.98, 1.45], [-2.01, 1.47], [-2.05, 1.46], [-1.9, 1.36], [-1.71, 1.15], [-1.53, 0.9], [-1.34, 0.73], [-1.15, 0.67], [-0.87, 0.7], [-0.57, 0.73], [-0.34, 0.65], [-0.15, 0.57], [0.0, 0.56]]"
13.15,"[-1.65, -1.17]","[0.03, 0.55]",2.4,True,"[[0.03, 0.55], [0.03, 0.55], [0.03, 0.55], [0.03, 0.55], [0.03, 0.55], [0.04, 0.53], [0.07, 0.43], [0.07, 0.24], [0.08, -0.05], [0.04, -0.42], [0.0, -0.8], [0.09, -1.17], [0.09, -1.54], [0.06, -1.74], [-0.01, -1.86], [-0.12, -1.95], [-0.28, -2.03], [-0.5, -2.05], [-0.8, -2.06], [-1.11, -2.06], [-1.38, -2.03], [-1.58, -1.9], [-1.68, -1.79], [-1.74, -1.66], [-1.77, -1.53], [-1.78, -1.4], [-1.77, -1.34]]"
9.21,"[-0.35, -2.58]","[-1.77, -1.34]",1.89,True,"[[-1.77, -1.34], [-1.77, -1.34], [-1.77, -1.34], [-1.77, -1.34], [-1.77, -1.34], [-1.76, -1.35], [-1.76, -1.36], [-1.76, -1.5], [-1.65, -1.78], [-1.51, -2.05], [-1.39, -2.18], [-1.24, -2.25], [-1.02, -2.28], [-0.8, -2.26], [-0.65, -2.24], [-0.52, -2.25], [-0.41, -2.32], [-0.34, -2.4], [-0.31, -2.45]]"
10.14,"[-2.1, -4.03]","[-0.32, -2.45]",2.38,True,"[[-0.32, -2.45], [-0.32, -2.46], [-0.32, -2.46], [-0.32, -2.46], [-0.31, -2.47], [-0.31, -2.48], [-0.38, -2.41], [-0.59, -2.29], [-0.89, -2.21], [-1.16, -2.19], [-1.38, -2.23], [-1.58, -2.33], [-1.78, -2.51], [-1.96, -2.69], [-2.04, -2.89], [-2.01, -3.15], [-1.92, -3.41], [-1.87, -3.61], [-1.91, -3.77], [-1.98, -3.9], [-2.02, -3.95]]"
13.58,"[-0.2, -2.33]","[-2.02, -3.95]",2.44,True,"[[-2.02, -3.95], [-2.02, -3.95], [-2.02, -3.95], [-2.02, -3.95], [-2.03, -3.95], [-2.03, -3.95], [-2.03, -3.93], [-2.03, -3.93], [-2.03, -3.93], [-1.98, -3.91], [-1.91, -3.82], [-1.86, -3.67], [-1.85, -3.46], [-1.8, -3.15], [-1.79, -2.86], [-1.79, -2.67], [-1.69, -2.53], [-1.57, -2.38], [-1.41, -2.25], [-1.26, -2.16], [-1.08, -2.11], [-0.88, -2.08], [-0.68, -2.08], [-0.5, -2.09], [-0.36, -2.12], [-0.24, -2.14], [-0.16, -2.18], [-0.15, -2.21]]"
7.17,"[1.25, -3.42]","[-0.15, -2.21]",1.85,True,"[[-0.15, -2.21], [-0.15, -2.21], [-0.15, -2.21], [-0.13, -2.21], [-0.1, -2.19], [0.03, -2.15], [0.25, -2.12], [0.5, -2.2], [0.69, -2.33], [0.83, -2.47], [0.93, -2.67], [1.02, -2.88], [1.12, -3.07], [1.22, -3.2], [1.29, -3.24]]"
8.68,"[1.25, -1.12]","[1.28, -3.25]",2.13,True,"[[1.28, -3.25], [1.28, -3.25], [1.28, -3.25], [1.31, -3.25], [1.38, -3.3], [1.4, -3.4], [1.37, -3.47], [1.32, -3.31], [1.17, -3.13], [1.03, -2.87], [0.94, -2.6], [0.87, -2.36], [0.83, -2.11], [0.84, -1.85], [0.95, -1.64], [1.08, -1.49], [1.19, -1.37], [1.23, -1.31]]"
9.85,"[0.5, -3.42]","[1.23, -1.31]",2.23,True,"[[1.23, -1.31], [1.23, -1.31], [1.23, -1.31], [1.23, -1.31], [1.25, -1.29], [1.25, -1.27], [1.24, -1.25], [1.18, -1.41], [1.07, -1.63], [0.96, -1.82], [0.9, -2.04], [0.87, -2.37], [0.84, -2.66], [0.85, -2.89], [0.85, -3.06], [0.82, -3.22], [0.75, -3.36], [0.7, -3.49], [0.65, -3.56], [0.58, -3.56]]"
9.07,"[2.25, -2.58]","[0.58, -3.56]",1.94,True,"[[0.58, -3.56], [0.58, -3.56], [0.58, -3.56], [0.58, -3.56], [0.59, -3.54], [0.63, -3.49], [0.77, -3.37], [0.9, -3.24], [1.0, -3.1], [1.14, -3.0], [1.34, -2.92], [1.61, -2.9], [1.81, -2.9], [1.96, -2.85], [2.11, -2.82], [2.23, -2.83], [2.32, -2.82], [2.35, -2.77], [2.35, -2.75]]"
7.79,"[0.75, -3.82]","[2.35, -2.75]",1.92,True,"[[2.35, -2.75], [2.35, -2.75], [2.35, -2.75], [2.34, -2.75], [2.32, -2.76], [2.21, -2.82], [2.04, -2.91], [1.79, -3.02], [1.49, -3.04], [1.2, -2.98], [0.99, -2.91], [0.86, -2.95], [0.76, -3.14], [0.72, -3.37], [0.73, -3.54], [0.7, -3.65]]"
